{"minzoom":0,"maxzoom":9,"center":[93.867187,19.642246,9.0],"bounds":[92.169075,9.607418,101.164246,28.506363]}