{"minzoom":0,"maxzoom":8,"center":[93.515625,19.971964,8.0],"bounds":[92.169075,9.607418,101.164246,28.506363]}